filename,Occasion,weather,material
20240711223252038441.jpg,haldi,sunny,cotton
20240711223252621829.jpg,haldi,sunny,cotton
20240711223253289830.jpg,haldi,sunny,cotton
20240711223254167733.jpg,haldi,sunny,cotton
20240711223254928829.jpg,haldi,sunny,cotton
20240711223255687666.jpg,haldi,sunny,cotton
20240711223256274265.jpg,haldi,sunny,cotton
20240711223256727223.jpg,haldi,sunny,cotton
20240711223257278884.jpg,haldi,sunny,cotton
20240711223258056120.jpg,haldi,sunny,cotton
20240711223258726475.jpg,haldi,sunny,cotton
20240711223259218532.jpg,haldi,sunny,cotton
20240711223259665759.jpg,haldi,sunny,cotton
20240711223300144780.jpg,haldi,sunny,cotton
20240711223300717155.jpg,haldi,sunny,cotton
20240711223301269679.jpg,haldi,sunny,cotton
20240711223301820548.jpg,haldi,sunny,cotton
20240711223302754956.jpg,haldi,sunny,cotton
20240711223303447886.jpg,haldi,sunny,cotton
20240711223304120554.jpg,haldi,sunny,cotton
20240711223304810613.jpg,haldi,sunny,cotton
20240711223305225790.jpg,haldi,sunny,cotton
20240711223305677854.jpg,haldi,sunny,cotton
20240711223306243039.jpg,haldi,sunny,cotton
20240711223306733024.jpg,haldi,sunny,cotton
20240711223307572747.jpg,haldi,sunny,cotton
20240711223307990441.jpg,haldi,sunny,cotton
20240711223308441544.jpg,haldi,sunny,cotton
20240711223309064298.jpg,haldi,sunny,cotton
20240711223309657885.jpg,haldi,sunny,cotton
20240711223310206201.jpg,haldi,sunny,cotton
20240711223310665702.jpg,haldi,sunny,cotton
20240711223311113835.jpg,haldi,sunny,cotton
20240711223311909011.jpg,haldi,sunny,cotton
20240711223312563473.jpg,haldi,sunny,cotton
20240711223313132845.jpg,haldi,sunny,cotton
20240711223313746524.jpg,haldi,sunny,cotton
20240711223314316814.jpg,haldi,sunny,cotton
20240711223314772787.jpg,haldi,sunny,cotton
20240711223315246256.jpg,haldi,sunny,cotton
20240711223315733716.jpg,haldi,sunny,cotton
20240711223316223583.jpg,haldi,sunny,cotton
20240711223316805452.jpg,haldi,sunny,cotton
20240711223317517925.jpg,haldi,sunny,cotton
20240711223318194116.jpg,haldi,sunny,cotton
20240711223318859850.jpg,haldi,sunny,cotton
20240711223319512839.jpg,haldi,sunny,cotton
20240711223320234789.jpg,haldi,sunny,cotton
20240711223320692823.jpg,haldi,sunny,cotton
20240711223321338299.jpg,haldi,sunny,cotton
20240711223322023747.jpg,haldi,sunny,cotton
20240711223322992274.jpg,haldi,sunny,cotton
20240711223323641356.jpg,haldi,sunny,cotton
20240711223324103819.jpg,haldi,sunny,cotton
20240711223324603283.jpg,haldi,sunny,cotton
20240711223325184486.jpg,haldi,sunny,cotton
20240711223325663174.jpg,haldi,sunny,cotton
20240711223326118237.jpg,haldi,sunny,cotton
20240711223326713103.jpg,haldi,sunny,cotton
20240711223327162577.jpg,haldi,sunny,cotton
20240711223934567284.jpg,mehendi,sunny,Silk
20240711223935016676.jpg,mehendi,sunny,Silk
20240711223935452255.jpg,mehendi,sunny,Silk
20240711223935876107.jpg,mehendi,sunny,Silk
20240711223936534228.jpg,mehendi,sunny,Silk
20240711223936992512.jpg,mehendi,sunny,Silk
20240711223937451635.jpg,mehendi,sunny,Silk
20240711223937900015.jpg,mehendi,sunny,Silk
20240711223938775104.jpg,mehendi,sunny,Silk
20240711223939219877.jpg,mehendi,sunny,Silk
20240711223939883144.jpg,mehendi,sunny,Silk
20240711223940431917.jpg,mehendi,sunny,Silk
20240711223940850191.jpg,mehendi,sunny,Silk
20240711223941313058.jpg,mehendi,sunny,Silk
20240711223941757087.jpg,mehendi,sunny,Silk
20240711223942431798.jpg,mehendi,sunny,Silk
20240711223942958765.jpg,mehendi,sunny,Silk
20240711223943672748.jpg,mehendi,sunny,Silk
20240711223944206833.jpg,mehendi,sunny,Silk
20240711223944671778.jpg,mehendi,sunny,Silk
20240711223945203785.jpg,mehendi,sunny,Silk
20240711223945760553.jpg,mehendi,sunny,Silk
20240711223946210438.jpg,mehendi,sunny,Silk
20240711223946713969.jpg,mehendi,sunny,Silk
20240711223947171086.jpg,mehendi,sunny,Silk
20240711223947630361.jpg,mehendi,sunny,Silk
20240711223948114355.jpg,mehendi,sunny,Silk
20240711223948551117.jpg,mehendi,sunny,Silk
20240711223949098998.jpg,mehendi,sunny,Silk
20240711223949623666.jpg,mehendi,sunny,Silk
20240711223950451560.jpg,mehendi,sunny,Silk
20240711223951075550.jpg,mehendi,sunny,Silk
20240711223951682913.jpg,mehendi,sunny,Silk
20240711223952353576.jpg,mehendi,sunny,Silk
20240711223953468062.jpg,mehendi,sunny,Silk
20240711223954376562.jpg,mehendi,sunny,Silk
20240711223954970783.jpg,mehendi,sunny,Silk
20240711223955919747.jpg,mehendi,sunny,Silk
20240711223956621812.jpg,mehendi,sunny,Silk
20240711223957291092.jpg,mehendi,sunny,Silk
20240711223957730154.jpg,mehendi,sunny,Silk
20240711223958445242.jpg,mehendi,sunny,Silk
20240711223959154234.jpg,mehendi,sunny,Silk
20240711223959671556.jpg,mehendi,sunny,Silk
20240711224000126034.jpg,mehendi,sunny,Silk
20240711224000638397.jpg,mehendi,sunny,Silk
20240711224001337860.jpg,mehendi,sunny,Silk
20240711224001756337.jpg,mehendi,sunny,Silk
20240711224636038933.jpg,formal,sunny,cotton
20240711224636683016.jpg,formal,sunny,cotton
20240711224637194553.jpg,formal,sunny,cotton
20240711224637721780.jpg,formal,sunny,cotton
20240711224638225029.jpg,formal,sunny,cotton
20240711224638694332.jpg,formal,sunny,cotton
20240711224639209038.jpg,formal,sunny,cotton
20240711224639871726.jpg,formal,sunny,cotton
20240711224640413509.jpg,formal,sunny,cotton
20240711224640955985.jpg,formal,sunny,cotton
20240711224641450803.jpg,formal,sunny,cotton
20240711224641951101.jpg,formal,sunny,cotton
20240711224642696874.jpg,formal,sunny,cotton
20240711224643311244.jpg,formal,sunny,cotton
20240711224643862311.jpg,formal,sunny,cotton
20240711224644399770.jpg,formal,sunny,cotton
20240711224644928141.jpg,formal,sunny,cotton
20240711224645467597.jpg,formal,sunny,cotton
20240711224646104923.jpg,formal,sunny,cotton
20240711224646691356.jpg,formal,sunny,cotton
20240711224647212723.jpg,formal,sunny,cotton
20240711224648127257.jpg,formal,sunny,cotton
20240711224649253522.jpg,formal,sunny,cotton
20240711224650141369.jpg,formal,sunny,cotton
20240711224651100534.jpg,formal,sunny,cotton
20240711224652080719.jpg,formal,sunny,cotton
20240711224653081544.jpg,formal,sunny,cotton
20240711224653639102.jpg,formal,sunny,cotton
20240711224654293401.jpg,formal,sunny,cotton
20240711224654923455.jpg,formal,sunny,cotton
20240711224655450607.jpg,formal,sunny,cotton
20240711224655934531.jpg,formal,sunny,cotton
20240711224656452879.jpg,formal,sunny,cotton
20240711224656975220.jpg,formal,sunny,cotton
20240711224657489931.jpg,formal,sunny,cotton
20240711224658001704.jpg,formal,sunny,cotton
20240711224658556158.jpg,formal,sunny,cotton
20240711224659220585.jpg,formal,sunny,cotton
20240711224659744710.jpg,formal,sunny,cotton
20240711224700291075.jpg,formal,sunny,cotton
20240711224700817500.jpg,formal,sunny,cotton
20240711224701380008.jpg,formal,sunny,cotton
20240711224701925026.jpg,formal,sunny,cotton
20240711224702436587.jpg,formal,sunny,cotton
20240711224702963698.jpg,formal,sunny,cotton
20240711224703544000.jpg,formal,sunny,cotton
20240711224704063799.jpg,formal,sunny,cotton
20240711224704584536.jpg,formal,sunny,cotton
20240711224841669123.jpg,casual,cold,cotton
20240711224842409745.jpg,casual,cold,cotton
20240711224843051804.jpg,casual,cold,cotton
20240711224843705381.jpg,casual,cold,cotton
20240711224844349417.jpg,casual,cold,cotton
20240711224844809031.jpg,casual,cold,cotton
20240711224845261075.jpg,casual,cold,cotton
20240711224845925997.jpg,casual,cold,cotton
20240711224846564352.jpg,casual,cold,cotton
20240711224847016392.jpg,casual,cold,cotton
20240711224847473124.jpg,casual,cold,cotton
20240711224847896197.jpg,casual,cold,cotton
20240711224848342332.jpg,casual,cold,cotton
20240711224849108367.jpg,casual,cold,cotton
20240711224849532862.jpg,casual,cold,cotton
20240711224850182701.jpg,casual,cold,cotton
20240711224850612687.jpg,casual,cold,cotton
20240711224851936970.jpg,casual,cold,cotton
20240711224852654660.jpg,casual,cold,cotton
20240711224853078214.jpg,casual,cold,cotton
20240711224853732032.jpg,casual,cold,cotton
20240711224854161427.jpg,casual,cold,cotton
20240711224854649252.jpg,casual,cold,cotton
20240711224855319332.jpg,casual,cold,cotton
20240711224855756374.jpg,casual,cold,cotton
20240711224856212073.jpg,casual,cold,cotton
20240711224856657845.jpg,casual,cold,cotton
20240711224857165175.jpg,casual,cold,cotton
20240711224857628394.jpg,casual,cold,cotton
20240711224858207886.jpg,casual,cold,cotton
20240711224858876896.jpg,casual,cold,cotton
20240711224859552520.jpg,casual,cold,cotton
20240711224900011127.jpg,casual,cold,cotton
20240711224900657269.jpg,casual,cold,cotton
20240711224901083797.jpg,casual,cold,cotton
20240711224901750168.jpg,casual,cold,cotton
20240711224902415629.jpg,casual,cold,cotton
20240711224902963084.jpg,casual,cold,cotton
20240711224903676723.jpg,casual,cold,cotton
20240711224904352394.jpg,casual,cold,cotton
20240711224904796469.jpg,casual,cold,cotton
20240711224905506958.jpg,casual,cold,cotton
20240711224906202235.jpg,casual,cold,cotton
20240711224906881932.jpg,casual,cold,cotton
20240711224907570301.jpg,casual,cold,cotton
20240711224908045259.jpg,casual,cold,cotton
20240711224908480590.jpg,casual,cold,cotton
20240711224908976386.jpg,casual,cold,cotton
20240711224909389603.jpg,casual,cold,cotton
20240711224909814766.jpg,casual,cold,cotton
20240711224910478365.jpg,casual,cold,cotton
20240711224911157093.jpg,casual,cold,cotton
20240711224911818268.jpg,casual,cold,cotton
20240711224912292954.jpg,casual,cold,cotton
20240711224912938202.jpg,casual,cold,cotton
20240711224913596591.jpg,casual,cold,cotton
20240711224914241592.jpg,casual,cold,cotton
20240711224914659067.jpg,casual,cold,cotton
20240711224915424890.jpg,casual,cold,cotton
20240711224915839194.jpg,casual,cold,cotton
20240711225131526341.jpg,casual,cold,cotton
20240711225132020840.jpg,casual,cold,cotton
20240711225132669354.jpg,casual,cold,cotton
20240711225133186260.jpg,casual,cold,cotton
20240711225133657408.jpg,casual,cold,cotton
20240711225134099119.jpg,casual,cold,cotton
20240711225134643330.jpg,casual,cold,cotton
20240711225135105476.jpg,casual,cold,cotton
20240711225135553288.jpg,casual,cold,cotton
20240711225136147014.jpg,casual,cold,cotton
20240711225136710384.jpg,casual,cold,cotton
20240711225137217480.jpg,casual,cold,cotton
20240711225137757549.jpg,casual,cold,cotton
20240711225138456331.jpg,casual,cold,cotton
20240711225138903423.jpg,casual,cold,cotton
20240711225139396742.jpg,casual,cold,cotton
20240711225139843042.jpg,casual,cold,cotton
20240711225140405598.jpg,casual,cold,cotton
20240711225140840366.jpg,casual,cold,cotton
20240711225141712384.jpg,casual,cold,cotton
20240711225142142044.jpg,casual,cold,cotton
20240711225142569967.jpg,casual,cold,cotton
20240711225143296548.jpg,casual,cold,cotton
20240711225143900198.jpg,casual,cold,cotton
20240711225144519485.jpg,casual,cold,cotton
20240711225145197311.jpg,casual,cold,cotton
20240711225145910470.jpg,casual,cold,cotton
20240711225146613837.jpg,casual,cold,cotton
20240711225147344389.jpg,casual,cold,cotton
20240711225148114196.jpg,casual,cold,cotton
20240711225148919757.jpg,casual,cold,cotton
20240711225149760291.jpg,casual,cold,cotton
20240711225150585370.jpg,casual,cold,cotton
20240711225151404384.jpg,casual,cold,cotton
20240711225152862358.jpg,casual,cold,cotton
20240711225153781308.jpg,casual,cold,cotton
20240711225154675264.jpg,casual,cold,cotton
20240711225155319359.jpg,casual,cold,cotton
20240711225155870761.jpg,casual,cold,cotton
20240711225156516854.jpg,casual,cold,cotton
20240711225156953197.jpg,casual,cold,cotton
20240711225157660808.jpg,casual,cold,cotton
20240711225158229390.jpg,casual,cold,cotton
20240711225159012246.jpg,casual,cold,cotton
20240711225159794241.jpg,casual,cold,cotton
20240711225200660852.jpg,casual,cold,cotton
20240711225201360717.jpg,casual,cold,cotton
20240711225201924075.jpg,casual,cold,cotton
20240711225202445994.jpg,casual,cold,cotton
20240711225202900914.jpg,casual,cold,cotton
20240711225203400034.jpg,casual,cold,cotton
20240711225203967876.jpg,casual,cold,cotton
20240711225204522047.jpg,casual,cold,cotton
20240711225204993311.jpg,casual,cold,cotton
20240711225205602779.jpg,casual,cold,cotton
20240711225206335991.jpg,casual,cold,cotton
20240711225207015077.jpg,casual,cold,cotton
20240711225207510936.jpg,casual,cold,cotton
20240711225207945531.jpg,casual,cold,cotton
20240711225208400273.jpg,casual,cold,cotton
20240711225620377469.jpg,casual,cold,cotton
20240711225621136029.jpg,casual,cold,cotton
20240711225622341523.jpg,casual,cold,cotton
20240711225625634963.jpg,casual,cold,cotton
20240711225626147615.jpg,casual,cold,cotton
20240711225627356967.jpg,casual,cold,cotton
20240711225628203386.jpg,casual,cold,cotton
20240711225628746660.jpg,casual,cold,cotton
20240711225629856177.jpg,casual,cold,cotton
20240711225630289836.jpg,casual,cold,cotton
20240711225631080014.jpg,casual,cold,cotton
20240711225631634804.jpg,casual,cold,cotton
20240711225632395114.jpg,casual,cold,cotton
20240711225633216689.jpg,casual,cold,cotton
20240711225633756516.jpg,casual,cold,cotton
20240711225634317220.jpg,casual,cold,cotton
20240711225634849527.jpg,casual,cold,cotton
20240711225635390078.jpg,casual,cold,cotton
20240711225635945935.jpg,casual,cold,cotton
20240711225636377465.jpg,casual,cold,cotton
20240711225636829228.jpg,casual,cold,cotton
20240711225637262939.jpg,casual,cold,cotton
20240711225637821992.jpg,casual,cold,cotton
20240711225638409972.jpg,casual,cold,cotton
20240711225638932750.jpg,casual,cold,cotton
20240711225639786766.jpg,casual,cold,cotton
20240711225640366128.jpg,casual,cold,cotton
20240711225641141264.jpg,casual,cold,cotton
20240711225641804912.jpg,casual,cold,cotton
20240711225642517955.jpg,casual,cold,cotton
20240711225643175511.jpg,casual,cold,cotton
20240711225643604177.jpg,casual,cold,cotton
20240711225644031622.jpg,casual,cold,cotton
20240711225644697214.jpg,casual,cold,cotton
20240711225645247464.jpg,casual,cold,cotton
20240711225645894984.jpg,casual,cold,cotton
20240711225646458308.jpg,casual,cold,cotton
20240711225646906100.jpg,casual,cold,cotton
20240711225647448930.jpg,casual,cold,cotton
20240711225648037555.jpg,casual,cold,cotton
20240711225648585202.jpg,casual,cold,cotton
20240711225649050484.jpg,casual,cold,cotton
20240711225649467436.jpg,casual,cold,cotton
20240711225649943320.jpg,casual,cold,cotton
20240711225650402009.jpg,casual,cold,cotton
20240711225650943331.jpg,casual,cold,cotton
20240711225651470522.jpg,casual,cold,cotton
20240711225651995662.jpg,casual,cold,cotton
20240711225652423090.jpg,casual,cold,cotton
20240711225652852647.jpg,casual,cold,cotton
20240711225653324563.jpg,casual,cold,cotton
20240711225653760336.jpg,casual,cold,cotton
20240711225654183149.jpg,casual,cold,cotton
20240711225654613241.jpg,casual,cold,cotton
20240711225655044311.jpg,casual,cold,cotton
20240711225655464262.jpg,casual,cold,cotton
20240711225656002698.jpg,casual,cold,cotton
20240711225656478253.jpg,casual,cold,cotton
20240711225656916390.jpg,casual,cold,cotton
20240711225657350762.jpg,casual,cold,cotton
20240711225657826686.jpg,casual,cold,cotton
20240711225658298888.jpg,casual,cold,cotton
20240711225658729692.jpg,casual,cold,cotton
20240711225659215260.jpg,casual,cold,cotton
20240711225659652579.jpg,casual,cold,cotton
20240711225700094747.jpg,casual,cold,cotton
20240711225700530123.jpg,casual,cold,cotton
20240711225701073789.jpg,casual,cold,cotton
20240711225701625086.jpg,casual,cold,cotton
20240711225702289930.jpg,casual,cold,cotton
20240711225702716563.jpg,casual,cold,cotton
20240711225703391558.jpg,casual,cold,cotton
20240711230459608990.jpg,casual,,
20240711230500193945.jpg,casual,,
20240711230500658568.jpg,casual,sunny,cotton
20240711230501185538.jpg,casual,sunny,cotton
20240711230501674928.jpg,casual,sunny,cotton
20240711230502116073.jpg,casual,sunny,cotton
20240711230502568091.jpg,casual,sunny,cotton
20240711230503013346.jpg,casual,sunny,cotton
20240711230503517437.jpg,casual,sunny,cotton
20240711230503968396.jpg,casual,sunny,cotton
20240711230504398429.jpg,casual,sunny,cotton
20240711230504837764.jpg,casual,sunny,cotton
20240711230505294910.jpg,casual,sunny,cotton
20240711230505743808.jpg,casual,sunny,cotton
20240711230506729906.jpg,casual,sunny,cotton
20240711230507646950.jpg,casual,sunny,cotton
20240711230508759532.jpg,casual,sunny,cotton
20240711230509926951.jpg,casual,sunny,cotton
20240711230511301997.jpg,casual,sunny,cotton
20240711230512385105.jpg,casual,sunny,cotton
20240711230513393903.jpg,casual,sunny,cotton
20240711230514398118.jpg,casual,sunny,cotton
20240711230515454571.jpg,casual,sunny,cotton
20240711230516083943.jpg,casual,sunny,cotton
20240711230516733121.jpg,casual,sunny,cotton
20240711230517157026.jpg,casual,sunny,cotton
20240711230517699956.jpg,casual,sunny,cotton
20240711230518122752.jpg,casual,sunny,cotton
20240711230518658950.jpg,casual,sunny,cotton
20240711230519227672.jpg,casual,sunny,cotton
20240711230519770776.jpg,casual,sunny,cotton
20240711230520403347.jpg,casual,sunny,cotton
20240711230521057047.jpg,casual,sunny,cotton
20240711230521741532.jpg,casual,sunny,cotton
20240711230522304998.jpg,casual,sunny,cotton
20240711230522850183.jpg,casual,sunny,cotton
20240711230523301125.jpg,casual,sunny,cotton
20240711230523976614.jpg,casual,sunny,cotton
20240711230524390474.jpg,casual,sunny,cotton
20240711230525142951.jpg,casual,sunny,cotton
20240711230525808550.jpg,casual,sunny,cotton
20240711230526239034.jpg,casual,sunny,cotton
20240711230526879343.jpg,casual,sunny,cotton
20240711230527297716.jpg,casual,sunny,cotton
20240711230527960514.jpg,casual,sunny,cotton
20240711230528605915.jpg,casual,sunny,cotton
20240711230529027274.jpg,casual,sunny,cotton
20240711230529444012.jpg,casual,sunny,cotton
20240711230529999045.jpg,casual,sunny,cotton
20240711230530423279.jpg,casual,sunny,cotton
20240711230530859303.jpg,casual,sunny,cotton
20240711230531509394.jpg,casual,sunny,cotton
20240711230532073082.jpg,casual,sunny,cotton
20240711230532845498.jpg,casual,sunny,cotton
20240711230533643199.jpg,casual,sunny,cotton
20240711230534162470.jpg,casual,sunny,cotton
20240711230534871012.jpg,casual,sunny,cotton
20240711230535392776.jpg,casual,sunny,cotton
20240711230535903573.jpg,casual,sunny,cotton
20240711230536470857.jpg,casual,sunny,cotton
20240711230537137600.jpg,casual,sunny,cotton
20240711230537645927.jpg,casual,sunny,cotton
20240711230538159553.jpg,casual,sunny,cotton
20240711230538678335.jpg,casual,sunny,cotton
20240711230539182313.jpg,casual,sunny,cotton
20240711230539710407.jpg,casual,sunny,cotton
20240711230540211111.jpg,casual,sunny,cotton
20240711230540726779.jpg,casual,sunny,cotton
20240711230541235592.jpg,casual,sunny,cotton
20240711230541758274.jpg,casual,sunny,cotton
20240711230542270252.jpg,casual,sunny,cotton
20240711230542833862.jpg,casual,sunny,cotton
